1,-5.18,29.97,5.36,60.0
2,-5.18,29.97,5.36,182.0
3,-5.18,29.97,5.36,177.0
4,-5.18,29.97,5.36,-1.0
5,-5.18,29.97,5.36,-1.0
6,-5.18,29.97,5.36,111.0
7,-5.18,29.97,5.36,117.0
8,-5.18,29.97,5.36,-1.0
1,-4.61,34.97,3.89,54.0
2,-4.61,34.97,3.89,-1.0
3,-4.61,34.97,3.89,-1.0
4,-4.61,34.97,3.89,-1.0
5,-4.61,34.97,3.89,-1.0
6,-4.61,34.97,3.89,-1.0
7,-4.61,34.97,3.89,119.0
8,-4.61,34.97,3.89,-1.0
1,-5.9,29.72,4.55,53.0
2,-5.9,29.72,4.55,182.0
3,-5.9,29.72,4.55,171.0
4,-5.9,29.72,4.55,-1.0
5,-5.9,29.72,4.55,-1.0
6,-5.9,29.72,4.55,-1.0
7,-5.9,29.72,4.55,119.0
8,-5.9,29.72,4.55,61.0
1,-3.22,33.49,4.7,54.0
2,-3.22,33.49,4.7,181.0
3,-3.22,33.49,4.7,170.0
4,-3.22,33.49,4.7,-1.0
5,-3.22,33.49,4.7,-1.0
6,-3.22,33.49,4.7,-1.0
7,-3.22,33.49,4.7,117.0
8,-3.22,33.49,4.7,-1.0
1,-1,-1,-1,-1.0
2,-1,-1,-1,-1.0
3,-1,-1,-1,-1.0
4,-1,-1,-1,-1.0
5,-1,-1,-1,-1.0
6,-1,-1,-1,-1.0
7,-1,-1,-1,-1.0
8,-1,-1,-1,-1.0
1,-8.35,30.46,4.46,60.0
2,-8.35,30.46,4.46,183.0
3,-8.35,30.46,4.46,177.0
4,-8.35,30.46,4.46,-1.0
5,-8.35,30.46,4.46,-1.0
6,-8.35,30.46,4.46,-1.0
7,-8.35,30.46,4.46,120.0
8,-8.35,30.46,4.46,-1.0
1,-1,-1,-1,-1.0
2,-1,-1,-1,-1.0
3,-1,-1,-1,-1.0
4,-1,-1,-1,-1.0
5,-1,-1,-1,-1.0
6,-1,-1,-1,-1.0
7,-1,-1,-1,-1.0
8,-1,-1,-1,-1.0
1,-7.37,31.84,7.68,59.0
2,-7.37,31.84,7.68,-1.0
3,-7.37,31.84,7.68,173.0
4,-7.37,31.84,7.68,-1.0
5,-7.37,31.84,7.68,-1.0
6,-7.37,31.84,7.68,-1.0
7,-7.37,31.84,7.68,122.0
8,-7.37,31.84,7.68,-1.0
1,-5.22,33.66,8.56,-1.0
2,-5.22,33.66,8.56,-1.0
3,-5.22,33.66,8.56,-1.0
4,-5.22,33.66,8.56,-1.0
5,-5.22,33.66,8.56,-1.0
6,-5.22,33.66,8.56,-1.0
7,-5.22,33.66,8.56,-1.0
8,-5.22,33.66,8.56,-1.0
1,-1,-1,-1,-1.0
2,-1,-1,-1,-1.0
3,-1,-1,-1,-1.0
4,-1,-1,-1,-1.0
5,-1,-1,-1,-1.0
6,-1,-1,-1,-1.0
7,-1,-1,-1,120.0
8,-1,-1,-1,-1.0
1,-4.22,27.55,5.82,-1.0
2,-4.22,27.55,5.82,-1.0
3,-4.22,27.55,5.82,-1.0
4,-4.22,27.55,5.82,-1.0
5,-4.22,27.55,5.82,-1.0
6,-4.22,27.55,5.82,-1.0
7,-4.22,27.55,5.82,-1.0
8,-4.22,27.55,5.82,-1.0
1,-1.89,21.99,6.6,-1.0
2,-1.89,21.99,6.6,-1.0
3,-1.89,21.99,6.6,-1.0
4,-1.89,21.99,6.6,-1.0
5,-1.89,21.99,6.6,-1.0
6,-1.89,21.99,6.6,-1.0
7,-1.89,21.99,6.6,-1.0
8,-1.89,21.99,6.6,-1.0
1,-0.36,26.41,6.24,59.0
2,-0.36,26.41,6.24,176.0
3,-0.36,26.41,6.24,171.0
4,-0.36,26.41,6.24,-1.0
5,-0.36,26.41,6.24,-1.0
6,-0.36,26.41,6.24,-1.0
7,-0.36,26.41,6.24,118.0
8,-0.36,26.41,6.24,-1.0
1,0.24,27.66,6.92,60.0
2,0.24,27.66,6.92,175.0
3,0.24,27.66,6.92,170.0
4,0.24,27.66,6.92,-1.0
5,0.24,27.66,6.92,-1.0
6,0.24,27.66,6.92,-1.0
7,0.24,27.66,6.92,118.0
8,0.24,27.66,6.92,-1.0
1,0.68,25.98,8.12,60.0
2,0.68,25.98,8.12,177.0
3,0.68,25.98,8.12,172.0
4,0.68,25.98,8.12,-1.0
5,0.68,25.98,8.12,-1.0
6,0.68,25.98,8.12,-1.0
7,0.68,25.98,8.12,119.0
8,0.68,25.98,8.12,-1.0
1,1.3,26.39,8.16,65.0
2,1.3,26.39,8.16,179.0
3,1.3,26.39,8.16,170.0
4,1.3,26.39,8.16,-1.0
5,1.3,26.39,8.16,-1.0
6,1.3,26.39,8.16,-1.0
7,1.3,26.39,8.16,116.0
8,1.3,26.39,8.16,-1.0
1,2.07,26.73,8.16,61.0
2,2.07,26.73,8.16,177.0
3,2.07,26.73,8.16,173.0
4,2.07,26.73,8.16,-1.0
5,2.07,26.73,8.16,-1.0
6,2.07,26.73,8.16,-1.0
7,2.07,26.73,8.16,118.0
8,2.07,26.73,8.16,-1.0
1,3.09,27.3,6.96,-1.0
2,3.09,27.3,6.96,-1.0
3,3.09,27.3,6.96,-1.0
4,3.09,27.3,6.96,-1.0
5,3.09,27.3,6.96,-1.0
6,3.09,27.3,6.96,-1.0
7,3.09,27.3,6.96,-1.0
8,3.09,27.3,6.96,-1.0
1,6.9,29.27,6.72,63.0
2,6.9,29.27,6.72,-1.0
3,6.9,29.27,6.72,-1.0
4,6.9,29.27,6.72,-1.0
5,6.9,29.27,6.72,-1.0
6,6.9,29.27,6.72,-1.0
7,6.9,29.27,6.72,-1.0
8,6.9,29.27,6.72,-1.0
1,6.44,29.11,6.69,67.0
2,6.44,29.11,6.69,175.0
3,6.44,29.11,6.69,169.0
4,6.44,29.11,6.69,-1.0
5,6.44,29.11,6.69,-1.0
6,6.44,29.11,6.69,-1.0
7,6.44,29.11,6.69,115.0
8,6.44,29.11,6.69,-1.0
1,5.69,26.74,7.44,68.0
2,5.69,26.74,7.44,175.0
3,5.69,26.74,7.44,168.0
4,5.69,26.74,7.44,-1.0
5,5.69,26.74,7.44,-1.0
6,5.69,26.74,7.44,-1.0
7,5.69,26.74,7.44,115.0
8,5.69,26.74,7.44,-1.0
1,6.16,29.35,6.71,64.0
2,6.16,29.35,6.71,-1.0
3,6.16,29.35,6.71,170.0
4,6.16,29.35,6.71,-1.0
5,6.16,29.35,6.71,-1.0
6,6.16,29.35,6.71,-1.0
7,6.16,29.35,6.71,111.0
8,6.16,29.35,6.71,-1.0
1,7.31,28.56,7.42,64.0
2,7.31,28.56,7.42,178.0
3,7.31,28.56,7.42,166.0
4,7.31,28.56,7.42,-1.0
5,7.31,28.56,7.42,-1.0
6,7.31,28.56,7.42,-1.0
7,7.31,28.56,7.42,111.0
8,7.31,28.56,7.42,-1.0
1,7.98,25.83,6.07,62.0
2,7.98,25.83,6.07,179.0
3,7.98,25.83,6.07,165.0
4,7.98,25.83,6.07,-1.0
5,7.98,25.83,6.07,192.0
6,7.98,25.83,6.07,-1.0
7,7.98,25.83,6.07,109.0
8,7.98,25.83,6.07,-1.0
1,9.74,27.84,6.86,60.0
2,9.74,27.84,6.86,176.0
3,9.74,27.84,6.86,165.0
4,9.74,27.84,6.86,-1.0
5,9.74,27.84,6.86,-1.0
6,9.74,27.84,6.86,-1.0
7,9.74,27.84,6.86,-1.0
8,9.74,27.84,6.86,-1.0
1,12.15,-1.1,5.86,-1.0
2,12.15,-1.1,5.86,-1.0
3,12.15,-1.1,5.86,161.0
4,12.15,-1.1,5.86,-1.0
5,12.15,-1.1,5.86,-1.0
6,12.15,-1.1,5.86,-1.0
7,12.15,-1.1,5.86,-1.0
8,12.15,-1.1,5.86,-1.0
1,10.59,25.17,4.73,65.0
2,10.59,25.17,4.73,173.0
3,10.59,25.17,4.73,162.0
4,10.59,25.17,4.73,-1.0
5,10.59,25.17,4.73,-1.0
6,10.59,25.17,4.73,-1.0
7,10.59,25.17,4.73,112.0
8,10.59,25.17,4.73,-1.0
1,9.68,28.31,5.35,65.0
2,9.68,28.31,5.35,175.0
3,9.68,28.31,5.35,161.0
4,9.68,28.31,5.35,191.0
5,9.68,28.31,5.35,-1.0
6,9.68,28.31,5.35,-1.0
7,9.68,28.31,5.35,109.0
8,9.68,28.31,5.35,-1.0
1,13.16,28.85,6.12,62.0
2,13.16,28.85,6.12,174.0
3,13.16,28.85,6.12,160.0
4,13.16,28.85,6.12,-1.0
5,13.16,28.85,6.12,188.0
6,13.16,28.85,6.12,-1.0
7,13.16,28.85,6.12,-1.0
8,13.16,28.85,6.12,-1.0
1,9.75,0.59,7.67,-1.0
2,9.75,0.59,7.67,-1.0
3,9.75,0.59,7.67,165.0
4,9.75,0.59,7.67,-1.0
5,9.75,0.59,7.67,-1.0
6,9.75,0.59,7.67,-1.0
7,9.75,0.59,7.67,-1.0
8,9.75,0.59,7.67,-1.0
1,-1,-1,-1,-1.0
2,-1,-1,-1,-1.0
3,-1,-1,-1,-1.0
4,-1,-1,-1,-1.0
5,-1,-1,-1,-1.0
6,-1,-1,-1,-1.0
7,-1,-1,-1,-1.0
8,-1,-1,-1,-1.0
1,8.9,24.76,7.59,-1.0
2,8.9,24.76,7.59,-1.0
3,8.9,24.76,7.59,-1.0
4,8.9,24.76,7.59,-1.0
5,8.9,24.76,7.59,-1.0
6,8.9,24.76,7.59,-1.0
7,8.9,24.76,7.59,-1.0
8,8.9,24.76,7.59,-1.0
1,12.21,24.5,5.63,-1.0
2,12.21,24.5,5.63,-1.0
3,12.21,24.5,5.63,-1.0
4,12.21,24.5,5.63,-1.0
5,12.21,24.5,5.63,-1.0
6,12.21,24.5,5.63,-1.0
7,12.21,24.5,5.63,-1.0
8,12.21,24.5,5.63,-1.0
1,16.44,26.2,3.31,59.0
2,16.44,26.2,3.31,164.0
3,16.44,26.2,3.31,154.0
4,16.44,26.2,3.31,204.0
5,16.44,26.2,3.31,-1.0
6,16.44,26.2,3.31,-1.0
7,16.44,26.2,3.31,110.0
8,16.44,26.2,3.31,-1.0
1,12.64,-28.57,2.76,58.0
2,12.64,-28.57,2.76,168.0
3,12.64,-28.57,2.76,-1.0
4,12.64,-28.57,2.76,-1.0
5,12.64,-28.57,2.76,-1.0
6,12.64,-28.57,2.76,-1.0
7,12.64,-28.57,2.76,106.0
8,12.64,-28.57,2.76,-1.0
1,19.18,23.63,3.64,-1.0
2,19.18,23.63,3.64,162.0
3,19.18,23.63,3.64,157.0
4,19.18,23.63,3.64,-1.0
5,19.18,23.63,3.64,-1.0
6,19.18,23.63,3.64,-1.0
7,19.18,23.63,3.64,-1.0
8,19.18,23.63,3.64,-1.0
1,18.5,24.26,3.72,-1.0
2,18.5,24.26,3.72,162.0
3,18.5,24.26,3.72,150.0
4,18.5,24.26,3.72,-1.0
5,18.5,24.26,3.72,-1.0
6,18.5,24.26,3.72,-1.0
7,18.5,24.26,3.72,105.0
8,18.5,24.26,3.72,-1.0
1,19.34,24.01,3.16,-1.0
2,19.34,24.01,3.16,159.0
3,19.34,24.01,3.16,-1.0
4,19.34,24.01,3.16,-1.0
5,19.34,24.01,3.16,-1.0
6,19.34,24.01,3.16,-1.0
7,19.34,24.01,3.16,-1.0
8,19.34,24.01,3.16,-1.0
1,-1,-1,-1,-1.0
2,-1,-1,-1,-1.0
3,-1,-1,-1,-1.0
4,-1,-1,-1,-1.0
5,-1,-1,-1,-1.0
6,-1,-1,-1,-1.0
7,-1,-1,-1,-1.0
8,-1,-1,-1,-1.0
1,-2.15,-17.29,5.25,-1.0
2,-2.15,-17.29,5.25,-1.0
3,-2.15,-17.29,5.25,-1.0
4,-2.15,-17.29,5.25,-1.0
5,-2.15,-17.29,5.25,-1.0
6,-2.15,-17.29,5.25,-1.0
7,-2.15,-17.29,5.25,-1.0
8,-2.15,-17.29,5.25,-1.0
1,-3.66,-25.23,6.3,-1.0
2,-3.66,-25.23,6.3,-1.0
3,-3.66,-25.23,6.3,-1.0
4,-3.66,-25.23,6.3,-1.0
5,-3.66,-25.23,6.3,-1.0
6,-3.66,-25.23,6.3,-1.0
7,-3.66,-25.23,6.3,95.0
8,-3.66,-25.23,6.3,-1.0
1,9.84,25.52,5.56,-1.0
2,9.84,25.52,5.56,167.0
3,9.84,25.52,5.56,-1.0
4,9.84,25.52,5.56,-1.0
5,9.84,25.52,5.56,-1.0
6,9.84,25.52,5.56,-1.0
7,9.84,25.52,5.56,-1.0
8,9.84,25.52,5.56,-1.0
1,8.69,28.88,5.41,-1.0
2,8.69,28.88,5.41,-1.0
3,8.69,28.88,5.41,-1.0
4,8.69,28.88,5.41,-1.0
5,8.69,28.88,5.41,-1.0
6,8.69,28.88,5.41,-1.0
7,8.69,28.88,5.41,-1.0
8,8.69,28.88,5.41,-1.0
1,7.95,27.93,4.62,49.0
2,7.95,27.93,4.62,163.0
3,7.95,27.93,4.62,149.0
4,7.95,27.93,4.62,187.0
5,7.95,27.93,4.62,194.0
6,7.95,27.93,4.62,-1.0
7,7.95,27.93,4.62,101.0
8,7.95,27.93,4.62,-1.0
1,9.98,25.75,5.33,54.0
2,9.98,25.75,5.33,165.0
3,9.98,25.75,5.33,152.0
4,9.98,25.75,5.33,186.0
5,9.98,25.75,5.33,-1.0
6,9.98,25.75,5.33,-1.0
7,9.98,25.75,5.33,100.0
8,9.98,25.75,5.33,-1.0
1,8.98,27.09,4.61,47.0
2,8.98,27.09,4.61,161.0
3,8.98,27.09,4.61,-1.0
4,8.98,27.09,4.61,-1.0
5,8.98,27.09,4.61,188.0
6,8.98,27.09,4.61,-1.0
7,8.98,27.09,4.61,98.0
8,8.98,27.09,4.61,-1.0
1,7.41,30.65,3.3,-1.0
2,7.41,30.65,3.3,162.0
3,7.41,30.65,3.3,148.0
4,7.41,30.65,3.3,183.0
5,7.41,30.65,3.3,-1.0
6,7.41,30.65,3.3,-1.0
7,7.41,30.65,3.3,93.0
8,7.41,30.65,3.3,-1.0
1,8.33,26.22,4.17,-1.0
2,8.33,26.22,4.17,166.0
3,8.33,26.22,4.17,-1.0
4,8.33,26.22,4.17,185.0
5,8.33,26.22,4.17,189.0
6,8.33,26.22,4.17,-1.0
7,8.33,26.22,4.17,95.0
8,8.33,26.22,4.17,-1.0
1,8.6,25.5,4.02,-1.0
2,8.6,25.5,4.02,161.0
3,8.6,25.5,4.02,147.0
4,8.6,25.5,4.02,187.0
5,8.6,25.5,4.02,194.0
6,8.6,25.5,4.02,91.0
7,8.6,25.5,4.02,96.0
8,8.6,25.5,4.02,-1.0
1,10.55,23.62,3.35,48.0
2,10.55,23.62,3.35,164.0
3,10.55,23.62,3.35,148.0
4,10.55,23.62,3.35,185.0
5,10.55,23.62,3.35,-1.0
6,10.55,23.62,3.35,94.0
7,10.55,23.62,3.35,98.0
8,10.55,23.62,3.35,-1.0
1,12.28,22.88,2.57,60.0
2,12.28,22.88,2.57,164.0
3,12.28,22.88,2.57,149.0
4,12.28,22.88,2.57,186.0
5,12.28,22.88,2.57,189.0
6,12.28,22.88,2.57,-1.0
7,12.28,22.88,2.57,96.0
8,12.28,22.88,2.57,-1.0
1,14.08,22.58,1.78,-1.0
2,14.08,22.58,1.78,-1.0
3,14.08,22.58,1.78,-1.0
4,14.08,22.58,1.78,-1.0
5,14.08,22.58,1.78,-1.0
6,14.08,22.58,1.78,-1.0
7,14.08,22.58,1.78,99.0
8,14.08,22.58,1.78,-1.0
1,14.08,23.25,1.51,-1.0
2,14.08,23.25,1.51,157.0
3,14.08,23.25,1.51,143.0
4,14.08,23.25,1.51,-1.0
5,14.08,23.25,1.51,190.0
6,14.08,23.25,1.51,-1.0
7,14.08,23.25,1.51,95.0
8,14.08,23.25,1.51,-1.0
1,14.6,24.13,1.08,-1.0
2,14.6,24.13,1.08,157.0
3,14.6,24.13,1.08,145.0
4,14.6,24.13,1.08,184.0
5,14.6,24.13,1.08,192.0
6,14.6,24.13,1.08,-1.0
7,14.6,24.13,1.08,91.0
8,14.6,24.13,1.08,-1.0
1,17.81,21.18,0.78,-1.0
2,17.81,21.18,0.78,157.0
3,17.81,21.18,0.78,144.0
4,17.81,21.18,0.78,-1.0
5,17.81,21.18,0.78,194.0
6,17.81,21.18,0.78,-1.0
7,17.81,21.18,0.78,89.0
8,17.81,21.18,0.78,-1.0
1,15.7,24.6,1.94,-1.0
2,15.7,24.6,1.94,-1.0
3,15.7,24.6,1.94,146.0
4,15.7,24.6,1.94,184.0
5,15.7,24.6,1.94,194.0
6,15.7,24.6,1.94,85.0
7,15.7,24.6,1.94,-1.0
8,15.7,24.6,1.94,-1.0
1,21.19,19.04,0.63,-1.0
2,21.19,19.04,0.63,152.0
3,21.19,19.04,0.63,141.0
4,21.19,19.04,0.63,185.0
5,21.19,19.04,0.63,-1.0
6,21.19,19.04,0.63,-1.0
7,21.19,19.04,0.63,88.0
8,21.19,19.04,0.63,-1.0
1,21.47,20.11,0.48,-1.0
2,21.47,20.11,0.48,155.0
3,21.47,20.11,0.48,143.0
4,21.47,20.11,0.48,183.0
5,21.47,20.11,0.48,191.0
6,21.47,20.11,0.48,-1.0
7,21.47,20.11,0.48,88.0
8,21.47,20.11,0.48,-1.0
1,21.19,21.34,0.95,-1.0
2,21.19,21.34,0.95,154.0
3,21.19,21.34,0.95,143.0
4,21.19,21.34,0.95,185.0
5,21.19,21.34,0.95,186.0
6,21.19,21.34,0.95,-1.0
7,21.19,21.34,0.95,90.0
8,21.19,21.34,0.95,-1.0
1,20.13,23.81,1.26,-1.0
2,20.13,23.81,1.26,153.0
3,20.13,23.81,1.26,-1.0
4,20.13,23.81,1.26,183.0
5,20.13,23.81,1.26,189.0
6,20.13,23.81,1.26,-1.0
7,20.13,23.81,1.26,79.0
8,20.13,23.81,1.26,-1.0
1,23.95,21.95,0.53,-1.0
2,23.95,21.95,0.53,-1.0
3,23.95,21.95,0.53,132.0
4,23.95,21.95,0.53,-1.0
5,23.95,21.95,0.53,-1.0
6,23.95,21.95,0.53,-1.0
7,23.95,21.95,0.53,-1.0
8,23.95,21.95,0.53,-1.0
1,19.83,22.43,0.71,-1.0
2,19.83,22.43,0.71,149.0
3,19.83,22.43,0.71,138.0
4,19.83,22.43,0.71,181.0
5,19.83,22.43,0.71,-1.0
6,19.83,22.43,0.71,-1.0
7,19.83,22.43,0.71,80.0
8,19.83,22.43,0.71,-1.0
1,21.15,20.41,0.54,-1.0
2,21.15,20.41,0.54,149.0
3,21.15,20.41,0.54,131.0
4,21.15,20.41,0.54,180.0
5,21.15,20.41,0.54,190.0
6,21.15,20.41,0.54,-1.0
7,21.15,20.41,0.54,75.0
8,21.15,20.41,0.54,-1.0
1,23.54,21.73,0.44,-1.0
2,23.54,21.73,0.44,150.0
3,23.54,21.73,0.44,134.0
4,23.54,21.73,0.44,181.0
5,23.54,21.73,0.44,193.0
6,23.54,21.73,0.44,-1.0
7,23.54,21.73,0.44,85.0
8,23.54,21.73,0.44,-1.0
1,21.86,24.19,0.29,-1.0
2,21.86,24.19,0.29,-1.0
3,21.86,24.19,0.29,-1.0
4,21.86,24.19,0.29,-1.0
5,21.86,24.19,0.29,-1.0
6,21.86,24.19,0.29,-1.0
7,21.86,24.19,0.29,-1.0
8,21.86,24.19,0.29,-1.0
1,24.08,23.06,-0.19,-1.0
2,24.08,23.06,-0.19,-1.0
3,24.08,23.06,-0.19,-1.0
4,24.08,23.06,-0.19,-1.0
5,24.08,23.06,-0.19,-1.0
6,24.08,23.06,-0.19,-1.0
7,24.08,23.06,-0.19,79.0
8,24.08,23.06,-0.19,-1.0
1,21.88,24.17,-0.28,-1.0
2,21.88,24.17,-0.28,150.0
3,21.88,24.17,-0.28,136.0
4,21.88,24.17,-0.28,181.0
5,21.88,24.17,-0.28,187.0
6,21.88,24.17,-0.28,78.0
7,21.88,24.17,-0.28,82.0
8,21.88,24.17,-0.28,-1.0
1,22.38,23.8,0.1,-1.0
2,22.38,23.8,0.1,145.0
3,22.38,23.8,0.1,131.0
4,22.38,23.8,0.1,-1.0
5,22.38,23.8,0.1,189.0
6,22.38,23.8,0.1,-1.0
7,22.38,23.8,0.1,79.0
8,22.38,23.8,0.1,-1.0
1,21.6,23.29,0.0,-1.0
2,21.6,23.29,0.0,149.0
3,21.6,23.29,0.0,133.0
4,21.6,23.29,0.0,183.0
5,21.6,23.29,0.0,190.0
6,21.6,23.29,0.0,-1.0
7,21.6,23.29,0.0,83.0
8,21.6,23.29,0.0,-1.0
1,24.64,19.14,-0.13,-1.0
2,24.64,19.14,-0.13,148.0
3,24.64,19.14,-0.13,134.0
4,24.64,19.14,-0.13,181.0
5,24.64,19.14,-0.13,190.0
6,24.64,19.14,-0.13,-1.0
7,24.64,19.14,-0.13,82.0
8,24.64,19.14,-0.13,-1.0
1,20.0,22.92,-0.56,-1.0
2,20.0,22.92,-0.56,-1.0
3,20.0,22.92,-0.56,135.0
4,20.0,22.92,-0.56,-1.0
5,20.0,22.92,-0.56,187.0
6,20.0,22.92,-0.56,-1.0
7,20.0,22.92,-0.56,82.0
8,20.0,22.92,-0.56,-1.0
1,21.44,19.23,-0.46,-1.0
2,21.44,19.23,-0.46,-1.0
3,21.44,19.23,-0.46,135.0
4,21.44,19.23,-0.46,181.0
5,21.44,19.23,-0.46,182.0
6,21.44,19.23,-0.46,-1.0
7,21.44,19.23,-0.46,80.0
8,21.44,19.23,-0.46,-1.0
1,22.1,18.35,-1.9,-1.0
2,22.1,18.35,-1.9,144.0
3,22.1,18.35,-1.9,137.0
4,22.1,18.35,-1.9,180.0
5,22.1,18.35,-1.9,185.0
6,22.1,18.35,-1.9,-1.0
7,22.1,18.35,-1.9,85.0
8,22.1,18.35,-1.9,-1.0
1,22.96,17.84,-1.77,-1.0
2,22.96,17.84,-1.77,144.0
3,22.96,17.84,-1.77,135.0
4,22.96,17.84,-1.77,-1.0
5,22.96,17.84,-1.77,187.0
6,22.96,17.84,-1.77,-1.0
7,22.96,17.84,-1.77,82.0
8,22.96,17.84,-1.77,-1.0
1,24.57,17.86,-1.48,-1.0
2,24.57,17.86,-1.48,146.0
3,24.57,17.86,-1.48,134.0
4,24.57,17.86,-1.48,178.0
5,24.57,17.86,-1.48,189.0
6,24.57,17.86,-1.48,-1.0
7,24.57,17.86,-1.48,83.0
8,24.57,17.86,-1.48,-1.0
1,24.07,18.42,-1.7,-1.0
2,24.07,18.42,-1.7,144.0
3,24.07,18.42,-1.7,135.0
4,24.07,18.42,-1.7,-1.0
5,24.07,18.42,-1.7,190.0
6,24.07,18.42,-1.7,-1.0
7,24.07,18.42,-1.7,-1.0
8,24.07,18.42,-1.7,-1.0
1,20.67,19.43,-1.42,-1.0
2,20.67,19.43,-1.42,142.0
3,20.67,19.43,-1.42,131.0
4,20.67,19.43,-1.42,-1.0
5,20.67,19.43,-1.42,183.0
6,20.67,19.43,-1.42,-1.0
7,20.67,19.43,-1.42,74.0
8,20.67,19.43,-1.42,-1.0
1,24.44,17.63,-2.07,-1.0
2,24.44,17.63,-2.07,-1.0
3,24.44,17.63,-2.07,-1.0
4,24.44,17.63,-2.07,-1.0
5,24.44,17.63,-2.07,-1.0
6,24.44,17.63,-2.07,-1.0
7,24.44,17.63,-2.07,-1.0
8,24.44,17.63,-2.07,-1.0
1,-1,-1,-1,-1.0
2,-1,-1,-1,-1.0
3,-1,-1,-1,-1.0
4,-1,-1,-1,-1.0
5,-1,-1,-1,-1.0
6,-1,-1,-1,-1.0
7,-1,-1,-1,-1.0
8,-1,-1,-1,-1.0
1,27.32,18.79,-1.63,-1.0
2,27.32,18.79,-1.63,-1.0
3,27.32,18.79,-1.63,-1.0
4,27.32,18.79,-1.63,-1.0
5,27.32,18.79,-1.63,-1.0
6,27.32,18.79,-1.63,-1.0
7,27.32,18.79,-1.63,-1.0
8,27.32,18.79,-1.63,-1.0
1,30.28,17.27,-2.52,-1.0
2,30.28,17.27,-2.52,144.0
3,30.28,17.27,-2.52,132.0
4,30.28,17.27,-2.52,177.0
5,30.28,17.27,-2.52,189.0
6,30.28,17.27,-2.52,-1.0
7,30.28,17.27,-2.52,78.0
8,30.28,17.27,-2.52,-1.0
1,29.8,17.53,-1.76,-1.0
2,29.8,17.53,-1.76,143.0
3,29.8,17.53,-1.76,133.0
4,29.8,17.53,-1.76,179.0
5,29.8,17.53,-1.76,190.0
6,29.8,17.53,-1.76,-1.0
7,29.8,17.53,-1.76,80.0
8,29.8,17.53,-1.76,-1.0
1,27.84,15.74,-3.51,-1.0
2,27.84,15.74,-3.51,-1.0
3,27.84,15.74,-3.51,130.0
4,27.84,15.74,-3.51,-1.0
5,27.84,15.74,-3.51,187.0
6,27.84,15.74,-3.51,-1.0
7,27.84,15.74,-3.51,-1.0
8,27.84,15.74,-3.51,-1.0
1,32.03,15.99,-2.87,-1.0
2,32.03,15.99,-2.87,-1.0
3,32.03,15.99,-2.87,123.0
4,32.03,15.99,-2.87,-1.0
5,32.03,15.99,-2.87,179.0
6,32.03,15.99,-2.87,-1.0
7,32.03,15.99,-2.87,-1.0
8,32.03,15.99,-2.87,-1.0
1,31.64,17.57,-2.4,-1.0
2,31.64,17.57,-2.4,140.0
3,31.64,17.57,-2.4,131.0
4,31.64,17.57,-2.4,181.0
5,31.64,17.57,-2.4,189.0
6,31.64,17.57,-2.4,-1.0
7,31.64,17.57,-2.4,81.0
8,31.64,17.57,-2.4,-1.0
1,32.37,18.1,-3.3,-1.0
2,32.37,18.1,-3.3,144.0
3,32.37,18.1,-3.3,131.0
4,32.37,18.1,-3.3,171.0
5,32.37,18.1,-3.3,184.0
6,32.37,18.1,-3.3,-1.0
7,32.37,18.1,-3.3,81.0
8,32.37,18.1,-3.3,-1.0
1,34.27,17.11,-2.81,-1.0
2,34.27,17.11,-2.81,142.0
3,34.27,17.11,-2.81,131.0
4,34.27,17.11,-2.81,172.0
5,34.27,17.11,-2.81,184.0
6,34.27,17.11,-2.81,-1.0
7,34.27,17.11,-2.81,75.0
8,34.27,17.11,-2.81,-1.0
1,34.22,15.58,-3.48,-1.0
2,34.22,15.58,-3.48,142.0
3,34.22,15.58,-3.48,130.0
4,34.22,15.58,-3.48,174.0
5,34.22,15.58,-3.48,184.0
6,34.22,15.58,-3.48,-1.0
7,34.22,15.58,-3.48,78.0
8,34.22,15.58,-3.48,-1.0
1,33.49,16.44,-2.7,-1.0
2,33.49,16.44,-2.7,-1.0
3,33.49,16.44,-2.7,-1.0
4,33.49,16.44,-2.7,-1.0
5,33.49,16.44,-2.7,-1.0
6,33.49,16.44,-2.7,-1.0
7,33.49,16.44,-2.7,-1.0
8,33.49,16.44,-2.7,-1.0
1,35.89,10.95,-4.19,-1.0
2,35.89,10.95,-4.19,-1.0
3,35.89,10.95,-4.19,-1.0
4,35.89,10.95,-4.19,-1.0
5,35.89,10.95,-4.19,-1.0
6,35.89,10.95,-4.19,-1.0
7,35.89,10.95,-4.19,-1.0
8,35.89,10.95,-4.19,-1.0
1,-1,-1,-1,-1.0
2,-1,-1,-1,-1.0
3,-1,-1,-1,-1.0
4,-1,-1,-1,-1.0
5,-1,-1,-1,183.0
6,-1,-1,-1,-1.0
7,-1,-1,-1,-1.0
8,-1,-1,-1,-1.0
1,36.64,16.22,-4.23,-1.0
2,36.64,16.22,-4.23,140.0
3,36.64,16.22,-4.23,127.0
4,36.64,16.22,-4.23,166.0
5,36.64,16.22,-4.23,179.0
6,36.64,16.22,-4.23,-1.0
7,36.64,16.22,-4.23,79.0
8,36.64,16.22,-4.23,-1.0
1,37.69,15.05,-4.97,-1.0
2,37.69,15.05,-4.97,143.0
3,37.69,15.05,-4.97,130.0
4,37.69,15.05,-4.97,169.0
5,37.69,15.05,-4.97,180.0
6,37.69,15.05,-4.97,-1.0
7,37.69,15.05,-4.97,77.0
8,37.69,15.05,-4.97,-1.0
1,-1,-1,-1,-1.0
2,-1,-1,-1,-1.0
3,-1,-1,-1,-1.0
4,-1,-1,-1,-1.0
5,-1,-1,-1,-1.0
6,-1,-1,-1,-1.0
7,-1,-1,-1,-1.0
8,-1,-1,-1,-1.0
1,34.75,17.97,-2.84,-1.0
2,34.75,17.97,-2.84,-1.0
3,34.75,17.97,-2.84,125.0
4,34.75,17.97,-2.84,165.0
5,34.75,17.97,-2.84,-1.0
6,34.75,17.97,-2.84,-1.0
7,34.75,17.97,-2.84,70.0
8,34.75,17.97,-2.84,-1.0
1,31.43,20.14,-1.36,-1.0
2,31.43,20.14,-1.36,133.0
3,31.43,20.14,-1.36,128.0
4,31.43,20.14,-1.36,173.0
5,31.43,20.14,-1.36,185.0
6,31.43,20.14,-1.36,-1.0
7,31.43,20.14,-1.36,66.0
8,31.43,20.14,-1.36,-1.0
1,30.91,20.8,-0.55,-1.0
2,30.91,20.8,-0.55,136.0
3,30.91,20.8,-0.55,130.0
4,30.91,20.8,-0.55,172.0
5,30.91,20.8,-0.55,188.0
6,30.91,20.8,-0.55,-1.0
7,30.91,20.8,-0.55,72.0
8,30.91,20.8,-0.55,-1.0
1,29.86,19.31,-2.21,-1.0
2,29.86,19.31,-2.21,136.0
3,29.86,19.31,-2.21,131.0
4,29.86,19.31,-2.21,-1.0
5,29.86,19.31,-2.21,-1.0
6,29.86,19.31,-2.21,-1.0
7,29.86,19.31,-2.21,-1.0
8,29.86,19.31,-2.21,-1.0
1,26.71,18.35,-2.38,-1.0
2,26.71,18.35,-2.38,135.0
3,26.71,18.35,-2.38,127.0
4,26.71,18.35,-2.38,175.0
5,26.71,18.35,-2.38,184.0
6,26.71,18.35,-2.38,-1.0
7,26.71,18.35,-2.38,68.0
8,26.71,18.35,-2.38,-1.0
1,27.66,16.82,-3.12,-1.0
2,27.66,16.82,-3.12,133.0
3,27.66,16.82,-3.12,125.0
4,27.66,16.82,-3.12,174.0
5,27.66,16.82,-3.12,-1.0
6,27.66,16.82,-3.12,-1.0
7,27.66,16.82,-3.12,-1.0
8,27.66,16.82,-3.12,-1.0
1,28.67,18.34,-1.99,-1.0
2,28.67,18.34,-1.99,141.0
3,28.67,18.34,-1.99,132.0
4,28.67,18.34,-1.99,177.0
5,28.67,18.34,-1.99,184.0
6,28.67,18.34,-1.99,-1.0
7,28.67,18.34,-1.99,75.0
8,28.67,18.34,-1.99,-1.0
1,25.01,17.77,-2.41,-1.0
2,25.01,17.77,-2.41,-1.0
3,25.01,17.77,-2.41,-1.0
4,25.01,17.77,-2.41,-1.0
5,25.01,17.77,-2.41,-1.0
6,25.01,17.77,-2.41,-1.0
7,25.01,17.77,-2.41,-1.0
8,25.01,17.77,-2.41,-1.0
1,23.56,18.67,-2.36,-1.0
2,23.56,18.67,-2.36,149.0
3,23.56,18.67,-2.36,133.0
4,23.56,18.67,-2.36,181.0
5,23.56,18.67,-2.36,187.0
6,23.56,18.67,-2.36,-1.0
7,23.56,18.67,-2.36,81.0
8,23.56,18.67,-2.36,-1.0
1,25.81,18.12,-3.9,-1.0
2,25.81,18.12,-3.9,140.0
3,25.81,18.12,-3.9,-1.0
4,25.81,18.12,-3.9,-1.0
5,25.81,18.12,-3.9,-1.0
6,25.81,18.12,-3.9,-1.0
7,25.81,18.12,-3.9,-1.0
8,25.81,18.12,-3.9,-1.0
1,20.97,20.88,-2.83,-1.0
2,20.97,20.88,-2.83,140.0
3,20.97,20.88,-2.83,129.0
4,20.97,20.88,-2.83,180.0
5,20.97,20.88,-2.83,187.0
6,20.97,20.88,-2.83,-1.0
7,20.97,20.88,-2.83,69.0
8,20.97,20.88,-2.83,-1.0
1,23.53,19.28,-3.2,-1.0
2,23.53,19.28,-3.2,144.0
3,23.53,19.28,-3.2,123.0
4,23.53,19.28,-3.2,180.0
5,23.53,19.28,-3.2,186.0
6,23.53,19.28,-3.2,-1.0
7,23.53,19.28,-3.2,-1.0
8,23.53,19.28,-3.2,-1.0
1,-1,-1,-1,-1.0
2,-1,-1,-1,-1.0
3,-1,-1,-1,121.0
4,-1,-1,-1,-1.0
5,-1,-1,-1,-1.0
6,-1,-1,-1,-1.0
7,-1,-1,-1,-1.0
8,-1,-1,-1,-1.0
1,18.34,19.11,-1.87,-1.0
2,18.34,19.11,-1.87,143.0
3,18.34,19.11,-1.87,128.0
4,18.34,19.11,-1.87,-1.0
5,18.34,19.11,-1.87,-1.0
6,18.34,19.11,-1.87,-1.0
7,18.34,19.11,-1.87,67.0
8,18.34,19.11,-1.87,-1.0
1,19.36,18.92,-3.42,-1.0
2,19.36,18.92,-3.42,143.0
3,19.36,18.92,-3.42,134.0
4,19.36,18.92,-3.42,181.0
5,19.36,18.92,-3.42,192.0
6,19.36,18.92,-3.42,-1.0
7,19.36,18.92,-3.42,76.0
8,19.36,18.92,-3.42,-1.0
1,15.91,21.17,-2.58,-1.0
2,15.91,21.17,-2.58,-1.0
3,15.91,21.17,-2.58,134.0
4,15.91,21.17,-2.58,-1.0
5,15.91,21.17,-2.58,193.0
6,15.91,21.17,-2.58,-1.0
7,15.91,21.17,-2.58,66.0
8,15.91,21.17,-2.58,-1.0
1,16.13,21.21,-2.02,-1.0
2,16.13,21.21,-2.02,146.0
3,16.13,21.21,-2.02,128.0
4,16.13,21.21,-2.02,187.0
5,16.13,21.21,-2.02,-1.0
6,16.13,21.21,-2.02,-1.0
7,16.13,21.21,-2.02,79.0
8,16.13,21.21,-2.02,-1.0
1,15.58,18.82,-2.33,-1.0
2,15.58,18.82,-2.33,149.0
3,15.58,18.82,-2.33,141.0
4,15.58,18.82,-2.33,187.0
5,15.58,18.82,-2.33,194.0
6,15.58,18.82,-2.33,-1.0
7,15.58,18.82,-2.33,83.0
8,15.58,18.82,-2.33,-1.0
1,13.76,21.84,-1.97,-1.0
2,13.76,21.84,-1.97,150.0
3,13.76,21.84,-1.97,135.0
4,13.76,21.84,-1.97,-1.0
5,13.76,21.84,-1.97,190.0
6,13.76,21.84,-1.97,-1.0
7,13.76,21.84,-1.97,77.0
8,13.76,21.84,-1.97,-1.0
1,14.31,21.92,-1.95,-1.0
2,14.31,21.92,-1.95,151.0
3,14.31,21.92,-1.95,-1.0
4,14.31,21.92,-1.95,-1.0
5,14.31,21.92,-1.95,-1.0
6,14.31,21.92,-1.95,-1.0
7,14.31,21.92,-1.95,-1.0
8,14.31,21.92,-1.95,-1.0
1,11.23,22.53,-1.98,-1.0
2,11.23,22.53,-1.98,-1.0
3,11.23,22.53,-1.98,-1.0
4,11.23,22.53,-1.98,-1.0
5,11.23,22.53,-1.98,197.0
6,11.23,22.53,-1.98,-1.0
7,11.23,22.53,-1.98,-1.0
8,11.23,22.53,-1.98,-1.0
1,17.04,17.51,-1.8,-1.0
2,17.04,17.51,-1.8,-1.0
3,17.04,17.51,-1.8,-1.0
4,17.04,17.51,-1.8,-1.0
5,17.04,17.51,-1.8,-1.0
6,17.04,17.51,-1.8,-1.0
7,17.04,17.51,-1.8,-1.0
8,17.04,17.51,-1.8,-1.0
1,-1,-1,-1,-1.0
2,-1,-1,-1,-1.0
3,-1,-1,-1,-1.0
4,-1,-1,-1,-1.0
5,-1,-1,-1,-1.0
6,-1,-1,-1,-1.0
7,-1,-1,-1,-1.0
8,-1,-1,-1,-1.0
1,5.69,23.67,-1.73,-1.0
2,5.69,23.67,-1.73,153.0
3,5.69,23.67,-1.73,134.0
4,5.69,23.67,-1.73,-1.0
5,5.69,23.67,-1.73,-1.0
6,5.69,23.67,-1.73,-1.0
7,5.69,23.67,-1.73,82.0
8,5.69,23.67,-1.73,-1.0
1,4.89,20.99,-0.68,-1.0
2,4.89,20.99,-0.68,-1.0
3,4.89,20.99,-0.68,-1.0
4,4.89,20.99,-0.68,-1.0
5,4.89,20.99,-0.68,-1.0
6,4.89,20.99,-0.68,-1.0
7,4.89,20.99,-0.68,-1.0
8,4.89,20.99,-0.68,-1.0
1,2.36,19.48,0.12,-1.0
2,2.36,19.48,0.12,151.0
3,2.36,19.48,0.12,130.0
4,2.36,19.48,0.12,-1.0
5,2.36,19.48,0.12,-1.0
6,2.36,19.48,0.12,-1.0
7,2.36,19.48,0.12,-1.0
8,2.36,19.48,0.12,-1.0
1,3.95,21.04,-0.1,-1.0
2,3.95,21.04,-0.1,158.0
3,3.95,21.04,-0.1,143.0
4,3.95,21.04,-0.1,189.0
5,3.95,21.04,-0.1,201.0
6,3.95,21.04,-0.1,-1.0
7,3.95,21.04,-0.1,79.0
8,3.95,21.04,-0.1,-1.0
1,2.22,20.71,0.16,-1.0
2,2.22,20.71,0.16,154.0
3,2.22,20.71,0.16,141.0
4,2.22,20.71,0.16,-1.0
5,2.22,20.71,0.16,-1.0
6,2.22,20.71,0.16,-1.0
7,2.22,20.71,0.16,-1.0
8,2.22,20.71,0.16,-1.0
1,2.44,18.92,0.61,-1.0
2,2.44,18.92,0.61,-1.0
3,2.44,18.92,0.61,-1.0
4,2.44,18.92,0.61,-1.0
5,2.44,18.92,0.61,-1.0
6,2.44,18.92,0.61,-1.0
7,2.44,18.92,0.61,-1.0
8,2.44,18.92,0.61,-1.0
1,3.88,21.67,0.79,-1.0
2,3.88,21.67,0.79,167.0
3,3.88,21.67,0.79,151.0
4,3.88,21.67,0.79,187.0
5,3.88,21.67,0.79,-1.0
6,3.88,21.67,0.79,-1.0
7,3.88,21.67,0.79,92.0
8,3.88,21.67,0.79,-1.0
1,3.19,24.04,0.42,-1.0
2,3.19,24.04,0.42,157.0
3,3.19,24.04,0.42,146.0
4,3.19,24.04,0.42,-1.0
5,3.19,24.04,0.42,198.0
6,3.19,24.04,0.42,-1.0
7,3.19,24.04,0.42,81.0
8,3.19,24.04,0.42,-1.0
1,2.31,20.61,-0.0,-1.0
2,2.31,20.61,-0.0,165.0
3,2.31,20.61,-0.0,148.0
4,2.31,20.61,-0.0,190.0
5,2.31,20.61,-0.0,-1.0
6,2.31,20.61,-0.0,-1.0
7,2.31,20.61,-0.0,85.0
8,2.31,20.61,-0.0,-1.0
1,2.29,20.32,0.97,-1.0
2,2.29,20.32,0.97,167.0
3,2.29,20.32,0.97,147.0
4,2.29,20.32,0.97,-1.0
5,2.29,20.32,0.97,192.0
6,2.29,20.32,0.97,-1.0
7,2.29,20.32,0.97,95.0
8,2.29,20.32,0.97,-1.0
1,1.39,17.12,0.66,-1.0
2,1.39,17.12,0.66,164.0
3,1.39,17.12,0.66,148.0
4,1.39,17.12,0.66,184.0
5,1.39,17.12,0.66,206.0
6,1.39,17.12,0.66,-1.0
7,1.39,17.12,0.66,-1.0
8,1.39,17.12,0.66,-1.0
1,2.31,19.64,0.46,-1.0
2,2.31,19.64,0.46,169.0
3,2.31,19.64,0.46,146.0
4,2.31,19.64,0.46,-1.0
5,2.31,19.64,0.46,-1.0
6,2.31,19.64,0.46,-1.0
7,2.31,19.64,0.46,-1.0
8,2.31,19.64,0.46,-1.0
1,-0.31,16.44,0.5,-1.0
2,-0.31,16.44,0.5,-1.0
3,-0.31,16.44,0.5,-1.0
4,-0.31,16.44,0.5,-1.0
5,-0.31,16.44,0.5,-1.0
6,-0.31,16.44,0.5,-1.0
7,-0.31,16.44,0.5,-1.0
8,-0.31,16.44,0.5,-1.0
1,-0.93,17.26,-0.39,-1.0
2,-0.93,17.26,-0.39,-1.0
3,-0.93,17.26,-0.39,-1.0
4,-0.93,17.26,-0.39,-1.0
5,-0.93,17.26,-0.39,-1.0
6,-0.93,17.26,-0.39,-1.0
7,-0.93,17.26,-0.39,-1.0
8,-0.93,17.26,-0.39,-1.0
1,1.92,17.56,0.01,-1.0
2,1.92,17.56,0.01,-1.0
3,1.92,17.56,0.01,-1.0
4,1.92,17.56,0.01,-1.0
5,1.92,17.56,0.01,-1.0
6,1.92,17.56,0.01,-1.0
7,1.92,17.56,0.01,95.0
8,1.92,17.56,0.01,-1.0
1,2.78,19.37,-0.1,37.0
2,2.78,19.37,-0.1,176.0
3,2.78,19.37,-0.1,157.0
4,2.78,19.37,-0.1,185.0
5,2.78,19.37,-0.1,-1.0
6,2.78,19.37,-0.1,-1.0
7,2.78,19.37,-0.1,102.0
8,2.78,19.37,-0.1,-1.0
1,1.55,18.75,-0.84,46.0
2,1.55,18.75,-0.84,169.0
3,1.55,18.75,-0.84,155.0
4,1.55,18.75,-0.84,-1.0
5,1.55,18.75,-0.84,-1.0
6,1.55,18.75,-0.84,-1.0
7,1.55,18.75,-0.84,100.0
8,1.55,18.75,-0.84,-1.0
1,0.78,18.36,-1.73,44.0
2,0.78,18.36,-1.73,169.0
3,0.78,18.36,-1.73,160.0
4,0.78,18.36,-1.73,192.0
5,0.78,18.36,-1.73,-1.0
6,0.78,18.36,-1.73,-1.0
7,0.78,18.36,-1.73,101.0
8,0.78,18.36,-1.73,-1.0
1,-2.22,18.53,-1.7,49.0
2,-2.22,18.53,-1.7,168.0
3,-2.22,18.53,-1.7,156.0
4,-2.22,18.53,-1.7,189.0
5,-2.22,18.53,-1.7,-1.0
6,-2.22,18.53,-1.7,-1.0
7,-2.22,18.53,-1.7,101.0
8,-2.22,18.53,-1.7,-1.0
1,-0.1,17.84,-1.57,54.0
2,-0.1,17.84,-1.57,173.0
3,-0.1,17.84,-1.57,156.0
4,-0.1,17.84,-1.57,-1.0
5,-0.1,17.84,-1.57,197.0
6,-0.1,17.84,-1.57,-1.0
7,-0.1,17.84,-1.57,97.0
8,-0.1,17.84,-1.57,-1.0
1,-0.69,19.03,-0.93,54.0
2,-0.69,19.03,-0.93,168.0
3,-0.69,19.03,-0.93,153.0
4,-0.69,19.03,-0.93,-1.0
5,-0.69,19.03,-0.93,-1.0
6,-0.69,19.03,-0.93,-1.0
7,-0.69,19.03,-0.93,94.0
8,-0.69,19.03,-0.93,-1.0
1,-1.93,18.84,-0.78,51.0
2,-1.93,18.84,-0.78,169.0
3,-1.93,18.84,-0.78,158.0
4,-1.93,18.84,-0.78,-1.0
5,-1.93,18.84,-0.78,-1.0
6,-1.93,18.84,-0.78,-1.0
7,-1.93,18.84,-0.78,104.0
8,-1.93,18.84,-0.78,-1.0
1,-0.65,19.55,-0.43,-1.0
2,-0.65,19.55,-0.43,167.0
3,-0.65,19.55,-0.43,155.0
4,-0.65,19.55,-0.43,-1.0
5,-0.65,19.55,-0.43,-1.0
6,-0.65,19.55,-0.43,-1.0
7,-0.65,19.55,-0.43,-1.0
8,-0.65,19.55,-0.43,-1.0
1,-3.0,19.81,-0.5,-1.0
2,-3.0,19.81,-0.5,-1.0
3,-3.0,19.81,-0.5,-1.0
4,-3.0,19.81,-0.5,-1.0
5,-3.0,19.81,-0.5,-1.0
6,-3.0,19.81,-0.5,-1.0
7,-3.0,19.81,-0.5,-1.0
8,-3.0,19.81,-0.5,-1.0
1,-3.07,18.82,-0.57,48.0
2,-3.07,18.82,-0.57,166.0
3,-3.07,18.82,-0.57,158.0
4,-3.07,18.82,-0.57,-1.0
5,-3.07,18.82,-0.57,-1.0
6,-3.07,18.82,-0.57,-1.0
7,-3.07,18.82,-0.57,103.0
8,-3.07,18.82,-0.57,-1.0
1,-1,-1,-1,-1.0
2,-1,-1,-1,-1.0
3,-1,-1,-1,-1.0
4,-1,-1,-1,-1.0
5,-1,-1,-1,-1.0
6,-1,-1,-1,-1.0
7,-1,-1,-1,-1.0
8,-1,-1,-1,-1.0
1,-3.22,19.03,-0.16,56.0
2,-3.22,19.03,-0.16,-1.0
3,-3.22,19.03,-0.16,160.0
4,-3.22,19.03,-0.16,-1.0
5,-3.22,19.03,-0.16,-1.0
6,-3.22,19.03,-0.16,-1.0
7,-3.22,19.03,-0.16,104.0
8,-3.22,19.03,-0.16,-1.0
1,-1.83,22.49,-1.79,53.0
2,-1.83,22.49,-1.79,-1.0
3,-1.83,22.49,-1.79,162.0
4,-1.83,22.49,-1.79,-1.0
5,-1.83,22.49,-1.79,-1.0
6,-1.83,22.49,-1.79,-1.0
7,-1.83,22.49,-1.79,110.0
8,-1.83,22.49,-1.79,-1.0
1,-1,-1,-1,-1.0
2,-1,-1,-1,-1.0
3,-1,-1,-1,-1.0
4,-1,-1,-1,-1.0
5,-1,-1,-1,-1.0
6,-1,-1,-1,-1.0
7,-1,-1,-1,-1.0
8,-1,-1,-1,-1.0
1,-4.72,22.27,-0.45,-1.0
2,-4.72,22.27,-0.45,-1.0
3,-4.72,22.27,-0.45,-1.0
4,-4.72,22.27,-0.45,-1.0
5,-4.72,22.27,-0.45,-1.0
6,-4.72,22.27,-0.45,-1.0
7,-4.72,22.27,-0.45,-1.0
8,-4.72,22.27,-0.45,-1.0
1,-1,-1,-1,-1.0
2,-1,-1,-1,-1.0
3,-1,-1,-1,-1.0
4,-1,-1,-1,-1.0
5,-1,-1,-1,-1.0
6,-1,-1,-1,-1.0
7,-1,-1,-1,-1.0
8,-1,-1,-1,-1.0
1,-9.85,21.63,0.07,-1.0
2,-9.85,21.63,0.07,-1.0
3,-9.85,21.63,0.07,161.0
4,-9.85,21.63,0.07,-1.0
5,-9.85,21.63,0.07,-1.0
6,-9.85,21.63,0.07,-1.0
7,-9.85,21.63,0.07,90.0
8,-9.85,21.63,0.07,-1.0
1,-10.16,22.62,0.11,-1.0
2,-10.16,22.62,0.11,169.0
3,-10.16,22.62,0.11,164.0
4,-10.16,22.62,0.11,-1.0
5,-10.16,22.62,0.11,-1.0
6,-10.16,22.62,0.11,-1.0
7,-10.16,22.62,0.11,92.0
8,-10.16,22.62,0.11,-1.0
1,-11.05,20.86,-0.23,-1.0
2,-11.05,20.86,-0.23,-1.0
3,-11.05,20.86,-0.23,159.0
4,-11.05,20.86,-0.23,-1.0
5,-11.05,20.86,-0.23,-1.0
6,-11.05,20.86,-0.23,-1.0
7,-11.05,20.86,-0.23,94.0
8,-11.05,20.86,-0.23,-1.0
1,-13.14,19.92,-0.27,-1.0
2,-13.14,19.92,-0.27,-1.0
3,-13.14,19.92,-0.27,165.0
4,-13.14,19.92,-0.27,-1.0
5,-13.14,19.92,-0.27,-1.0
6,-13.14,19.92,-0.27,-1.0
7,-13.14,19.92,-0.27,91.0
8,-13.14,19.92,-0.27,-1.0
1,-12.38,21.86,-0.04,-1.0
2,-12.38,21.86,-0.04,-1.0
3,-12.38,21.86,-0.04,167.0
4,-12.38,21.86,-0.04,-1.0
5,-12.38,21.86,-0.04,-1.0
6,-12.38,21.86,-0.04,-1.0
7,-12.38,21.86,-0.04,100.0
8,-12.38,21.86,-0.04,-1.0
1,-12.15,20.77,0.37,-1.0
2,-12.15,20.77,0.37,-1.0
3,-12.15,20.77,0.37,163.0
4,-12.15,20.77,0.37,-1.0
5,-12.15,20.77,0.37,-1.0
6,-12.15,20.77,0.37,-1.0
7,-12.15,20.77,0.37,100.0
8,-12.15,20.77,0.37,-1.0
1,-12.61,20.48,0.51,-1.0
2,-12.61,20.48,0.51,-1.0
3,-12.61,20.48,0.51,-1.0
4,-12.61,20.48,0.51,-1.0
5,-12.61,20.48,0.51,-1.0
6,-12.61,20.48,0.51,-1.0
7,-12.61,20.48,0.51,-1.0
8,-12.61,20.48,0.51,-1.0
1,-13.04,20.11,1.13,-1.0
2,-13.04,20.11,1.13,-1.0
3,-13.04,20.11,1.13,170.0
4,-13.04,20.11,1.13,-1.0
5,-13.04,20.11,1.13,-1.0
6,-13.04,20.11,1.13,-1.0
7,-13.04,20.11,1.13,99.0
8,-13.04,20.11,1.13,-1.0
1,-11.95,21.82,0.9,47.0
2,-11.95,21.82,0.9,-1.0
3,-11.95,21.82,0.9,172.0
4,-11.95,21.82,0.9,-1.0
5,-11.95,21.82,0.9,-1.0
6,-11.95,21.82,0.9,-1.0
7,-11.95,21.82,0.9,112.0
8,-11.95,21.82,0.9,-1.0
1,-13.37,20.58,0.83,-1.0
2,-13.37,20.58,0.83,-1.0
3,-13.37,20.58,0.83,-1.0
4,-13.37,20.58,0.83,-1.0
5,-13.37,20.58,0.83,-1.0
6,-13.37,20.58,0.83,-1.0
7,-13.37,20.58,0.83,-1.0
8,-13.37,20.58,0.83,-1.0
1,-15.1,18.53,1.93,-1.0
2,-15.1,18.53,1.93,-1.0
3,-15.1,18.53,1.93,-1.0
4,-15.1,18.53,1.93,-1.0
5,-15.1,18.53,1.93,-1.0
6,-15.1,18.53,1.93,-1.0
7,-15.1,18.53,1.93,-1.0
8,-15.1,18.53,1.93,-1.0
1,-9.64,20.45,1.46,59.0
2,-9.64,20.45,1.46,-1.0
3,-9.64,20.45,1.46,-1.0
4,-9.64,20.45,1.46,-1.0
5,-9.64,20.45,1.46,-1.0
6,-9.64,20.45,1.46,-1.0
7,-9.64,20.45,1.46,112.0
8,-9.64,20.45,1.46,59.0
1,-8.28,21.83,0.72,61.0
2,-8.28,21.83,0.72,-1.0
3,-8.28,21.83,0.72,171.0
4,-8.28,21.83,0.72,-1.0
5,-8.28,21.83,0.72,-1.0
6,-8.28,21.83,0.72,-1.0
7,-8.28,21.83,0.72,111.0
8,-8.28,21.83,0.72,-1.0
1,-8.17,22.22,0.64,55.0
2,-8.17,22.22,0.64,-1.0
3,-8.17,22.22,0.64,-1.0
4,-8.17,22.22,0.64,-1.0
5,-8.17,22.22,0.64,-1.0
6,-8.17,22.22,0.64,-1.0
7,-8.17,22.22,0.64,117.0
8,-8.17,22.22,0.64,60.0
1,-9.17,21.51,0.84,65.0
2,-9.17,21.51,0.84,-1.0
3,-9.17,21.51,0.84,-1.0
4,-9.17,21.51,0.84,-1.0
5,-9.17,21.51,0.84,-1.0
6,-9.17,21.51,0.84,-1.0
7,-9.17,21.51,0.84,118.0
8,-9.17,21.51,0.84,65.0
1,-11.18,20.0,1.14,59.0
2,-11.18,20.0,1.14,-1.0
3,-11.18,20.0,1.14,179.0
4,-11.18,20.0,1.14,-1.0
5,-11.18,20.0,1.14,-1.0
6,-11.18,20.0,1.14,-1.0
7,-11.18,20.0,1.14,117.0
8,-11.18,20.0,1.14,62.0
1,-11.12,18.77,1.74,63.0
2,-11.12,18.77,1.74,-1.0
3,-11.12,18.77,1.74,-1.0
4,-11.12,18.77,1.74,-1.0
5,-11.12,18.77,1.74,-1.0
6,-11.12,18.77,1.74,-1.0
7,-11.12,18.77,1.74,116.0
8,-11.12,18.77,1.74,-1.0
1,-11.69,20.2,1.24,58.0
2,-11.69,20.2,1.24,-1.0
3,-11.69,20.2,1.24,179.0
4,-11.69,20.2,1.24,-1.0
5,-11.69,20.2,1.24,-1.0
6,-11.69,20.2,1.24,-1.0
7,-11.69,20.2,1.24,121.0
8,-11.69,20.2,1.24,-1.0
1,-12.97,20.02,0.85,60.0
2,-12.97,20.02,0.85,-1.0
3,-12.97,20.02,0.85,177.0
4,-12.97,20.02,0.85,-1.0
5,-12.97,20.02,0.85,-1.0
6,-12.97,20.02,0.85,-1.0
7,-12.97,20.02,0.85,113.0
8,-12.97,20.02,0.85,-1.0
1,-14.58,19.33,2.29,60.0
2,-14.58,19.33,2.29,-1.0
3,-14.58,19.33,2.29,174.0
4,-14.58,19.33,2.29,-1.0
5,-14.58,19.33,2.29,-1.0
6,-14.58,19.33,2.29,-1.0
7,-14.58,19.33,2.29,112.0
8,-14.58,19.33,2.29,-1.0
1,-14.61,20.91,1.65,63.0
2,-14.61,20.91,1.65,-1.0
3,-14.61,20.91,1.65,-1.0
4,-14.61,20.91,1.65,-1.0
5,-14.61,20.91,1.65,-1.0
6,-14.61,20.91,1.65,-1.0
7,-14.61,20.91,1.65,121.0
8,-14.61,20.91,1.65,-1.0
1,-12.59,21.01,1.93,67.0
2,-12.59,21.01,1.93,-1.0
3,-12.59,21.01,1.93,-1.0
4,-12.59,21.01,1.93,-1.0
5,-12.59,21.01,1.93,-1.0
6,-12.59,21.01,1.93,-1.0
7,-12.59,21.01,1.93,114.0
8,-12.59,21.01,1.93,62.0
1,-13.73,21.77,1.68,54.0
2,-13.73,21.77,1.68,-1.0
3,-13.73,21.77,1.68,-1.0
4,-13.73,21.77,1.68,-1.0
5,-13.73,21.77,1.68,-1.0
6,-13.73,21.77,1.68,-1.0
7,-13.73,21.77,1.68,122.0
8,-13.73,21.77,1.68,-1.0
1,-14.62,21.0,1.16,64.0
2,-14.62,21.0,1.16,-1.0
3,-14.62,21.0,1.16,183.0
4,-14.62,21.0,1.16,-1.0
5,-14.62,21.0,1.16,-1.0
6,-14.62,21.0,1.16,-1.0
7,-14.62,21.0,1.16,127.0
8,-14.62,21.0,1.16,-1.0
1,-15.85,19.7,1.35,72.0
2,-15.85,19.7,1.35,-1.0
3,-15.85,19.7,1.35,-1.0
4,-15.85,19.7,1.35,-1.0
5,-15.85,19.7,1.35,-1.0
6,-15.85,19.7,1.35,-1.0
7,-15.85,19.7,1.35,113.0
8,-15.85,19.7,1.35,-1.0
1,-16.69,20.4,2.59,66.0
2,-16.69,20.4,2.59,-1.0
3,-16.69,20.4,2.59,-1.0
4,-16.69,20.4,2.59,-1.0
5,-16.69,20.4,2.59,-1.0
6,-16.69,20.4,2.59,-1.0
7,-16.69,20.4,2.59,115.0
8,-16.69,20.4,2.59,-1.0
1,-18.39,19.01,1.94,63.0
2,-18.39,19.01,1.94,-1.0
3,-18.39,19.01,1.94,-1.0
4,-18.39,19.01,1.94,-1.0
5,-18.39,19.01,1.94,-1.0
6,-18.39,19.01,1.94,-1.0
7,-18.39,19.01,1.94,123.0
8,-18.39,19.01,1.94,-1.0
1,-18.69,20.16,1.99,65.0
2,-18.69,20.16,1.99,-1.0
3,-18.69,20.16,1.99,-1.0
4,-18.69,20.16,1.99,-1.0
5,-18.69,20.16,1.99,-1.0
6,-18.69,20.16,1.99,-1.0
7,-18.69,20.16,1.99,125.0
8,-18.69,20.16,1.99,-1.0
1,-19.33,20.26,2.54,61.0
2,-19.33,20.26,2.54,-1.0
3,-19.33,20.26,2.54,-1.0
4,-19.33,20.26,2.54,-1.0
5,-19.33,20.26,2.54,-1.0
6,-19.33,20.26,2.54,-1.0
7,-19.33,20.26,2.54,117.0
8,-19.33,20.26,2.54,69.0
1,-19.31,20.45,1.95,69.0
2,-19.31,20.45,1.95,-1.0
3,-19.31,20.45,1.95,-1.0
4,-19.31,20.45,1.95,-1.0
5,-19.31,20.45,1.95,-1.0
6,-19.31,20.45,1.95,-1.0
7,-19.31,20.45,1.95,124.0
8,-19.31,20.45,1.95,-1.0
1,-20.1,20.14,2.19,69.0
2,-20.1,20.14,2.19,-1.0
3,-20.1,20.14,2.19,-1.0
4,-20.1,20.14,2.19,-1.0
5,-20.1,20.14,2.19,-1.0
6,-20.1,20.14,2.19,-1.0
7,-20.1,20.14,2.19,116.0
8,-20.1,20.14,2.19,75.0
1,-22.73,18.57,2.42,-1.0
2,-22.73,18.57,2.42,-1.0
3,-22.73,18.57,2.42,-1.0
4,-22.73,18.57,2.42,-1.0
5,-22.73,18.57,2.42,-1.0
6,-22.73,18.57,2.42,-1.0
7,-22.73,18.57,2.42,-1.0
8,-22.73,18.57,2.42,-1.0
1,-21.36,20.25,2.32,-1.0
2,-21.36,20.25,2.32,-1.0
3,-21.36,20.25,2.32,-1.0
4,-21.36,20.25,2.32,-1.0
5,-21.36,20.25,2.32,-1.0
6,-21.36,20.25,2.32,-1.0
7,-21.36,20.25,2.32,119.0
8,-21.36,20.25,2.32,-1.0
1,-20.91,20.15,2.3,-1.0
2,-20.91,20.15,2.3,-1.0
3,-20.91,20.15,2.3,-1.0
4,-20.91,20.15,2.3,-1.0
5,-20.91,20.15,2.3,-1.0
6,-20.91,20.15,2.3,-1.0
7,-20.91,20.15,2.3,119.0
8,-20.91,20.15,2.3,-1.0
1,-20.91,20.22,2.27,-1.0
2,-20.91,20.22,2.27,-1.0
3,-20.91,20.22,2.27,-1.0
4,-20.91,20.22,2.27,-1.0
5,-20.91,20.22,2.27,-1.0
6,-20.91,20.22,2.27,-1.0
7,-20.91,20.22,2.27,108.0
8,-20.91,20.22,2.27,-1.0
1,-22.59,20.79,1.78,-1.0
2,-22.59,20.79,1.78,-1.0
3,-22.59,20.79,1.78,186.0
4,-22.59,20.79,1.78,-1.0
5,-22.59,20.79,1.78,-1.0
6,-22.59,20.79,1.78,-1.0
7,-22.59,20.79,1.78,116.0
8,-22.59,20.79,1.78,-1.0
1,-22.86,20.42,1.55,-1.0
2,-22.86,20.42,1.55,-1.0
3,-22.86,20.42,1.55,-1.0
4,-22.86,20.42,1.55,-1.0
5,-22.86,20.42,1.55,-1.0
6,-22.86,20.42,1.55,-1.0
7,-22.86,20.42,1.55,104.0
8,-22.86,20.42,1.55,-1.0
1,-20.99,23.17,2.6,-1.0
2,-20.99,23.17,2.6,-1.0
3,-20.99,23.17,2.6,-1.0
4,-20.99,23.17,2.6,-1.0
5,-20.99,23.17,2.6,-1.0
6,-20.99,23.17,2.6,-1.0
7,-20.99,23.17,2.6,119.0
8,-20.99,23.17,2.6,-1.0
1,-24.54,19.11,2.89,-1.0
2,-24.54,19.11,2.89,-1.0
3,-24.54,19.11,2.89,-1.0
4,-24.54,19.11,2.89,-1.0
5,-24.54,19.11,2.89,-1.0
6,-24.54,19.11,2.89,-1.0
7,-24.54,19.11,2.89,123.0
8,-24.54,19.11,2.89,-1.0
1,-23.92,18.79,3.52,-1.0
2,-23.92,18.79,3.52,-1.0
3,-23.92,18.79,3.52,-1.0
4,-23.92,18.79,3.52,-1.0
5,-23.92,18.79,3.52,-1.0
6,-23.92,18.79,3.52,-1.0
7,-23.92,18.79,3.52,112.0
8,-23.92,18.79,3.52,-1.0
1,-25.08,19.62,2.36,-1.0
2,-25.08,19.62,2.36,-1.0
3,-25.08,19.62,2.36,-1.0
4,-25.08,19.62,2.36,-1.0
5,-25.08,19.62,2.36,-1.0
6,-25.08,19.62,2.36,-1.0
7,-25.08,19.62,2.36,-1.0
8,-25.08,19.62,2.36,-1.0
1,-22.42,19.73,2.42,77.0
2,-22.42,19.73,2.42,-1.0
3,-22.42,19.73,2.42,-1.0
4,-22.42,19.73,2.42,-1.0
5,-22.42,19.73,2.42,-1.0
6,-22.42,19.73,2.42,-1.0
7,-22.42,19.73,2.42,134.0
8,-22.42,19.73,2.42,74.0
1,-22.91,20.86,1.43,77.0
2,-22.91,20.86,1.43,-1.0
3,-22.91,20.86,1.43,-1.0
4,-22.91,20.86,1.43,-1.0
5,-22.91,20.86,1.43,-1.0
6,-22.91,20.86,1.43,-1.0
7,-22.91,20.86,1.43,133.0
8,-22.91,20.86,1.43,79.0
1,-22.66,20.87,1.39,75.0
2,-22.66,20.87,1.39,-1.0
3,-22.66,20.87,1.39,-1.0
4,-22.66,20.87,1.39,-1.0
5,-22.66,20.87,1.39,-1.0
6,-22.66,20.87,1.39,-1.0
7,-22.66,20.87,1.39,130.0
8,-22.66,20.87,1.39,77.0
1,-21.51,20.5,0.88,69.0
2,-21.51,20.5,0.88,-1.0
3,-21.51,20.5,0.88,189.0
4,-21.51,20.5,0.88,-1.0
5,-21.51,20.5,0.88,-1.0
6,-21.51,20.5,0.88,-1.0
7,-21.51,20.5,0.88,129.0
8,-21.51,20.5,0.88,79.0
1,-22.78,20.13,1.72,69.0
2,-22.78,20.13,1.72,-1.0
3,-22.78,20.13,1.72,188.0
4,-22.78,20.13,1.72,-1.0
5,-22.78,20.13,1.72,-1.0
6,-22.78,20.13,1.72,-1.0
7,-22.78,20.13,1.72,121.0
8,-22.78,20.13,1.72,74.0
1,-21.62,20.17,1.07,77.0
2,-21.62,20.17,1.07,-1.0
3,-21.62,20.17,1.07,184.0
4,-21.62,20.17,1.07,-1.0
5,-21.62,20.17,1.07,-1.0
6,-21.62,20.17,1.07,-1.0
7,-21.62,20.17,1.07,125.0
8,-21.62,20.17,1.07,79.0
1,-21.38,20.5,0.86,74.0
2,-21.38,20.5,0.86,-1.0
3,-21.38,20.5,0.86,-1.0
4,-21.38,20.5,0.86,-1.0
5,-21.38,20.5,0.86,-1.0
6,-21.38,20.5,0.86,-1.0
7,-21.38,20.5,0.86,121.0
8,-21.38,20.5,0.86,82.0
1,-21.24,20.49,1.35,79.0
2,-21.24,20.49,1.35,-1.0
3,-21.24,20.49,1.35,-1.0
4,-21.24,20.49,1.35,-1.0
5,-21.24,20.49,1.35,-1.0
6,-21.24,20.49,1.35,-1.0
7,-21.24,20.49,1.35,130.0
8,-21.24,20.49,1.35,-1.0
1,-19.54,22.09,1.9,75.0
2,-19.54,22.09,1.9,-1.0
3,-19.54,22.09,1.9,-1.0
4,-19.54,22.09,1.9,-1.0
5,-19.54,22.09,1.9,-1.0
6,-19.54,22.09,1.9,-1.0
7,-19.54,22.09,1.9,123.0
8,-19.54,22.09,1.9,-1.0
1,-1,-1,-1,-1.0
2,-1,-1,-1,-1.0
3,-1,-1,-1,-1.0
4,-1,-1,-1,-1.0
5,-1,-1,-1,-1.0
6,-1,-1,-1,-1.0
7,-1,-1,-1,-1.0
8,-1,-1,-1,-1.0
1,-16.52,21.71,1.08,65.0
2,-16.52,21.71,1.08,-1.0
3,-16.52,21.71,1.08,193.0
4,-16.52,21.71,1.08,-1.0
5,-16.52,21.71,1.08,-1.0
6,-16.52,21.71,1.08,-1.0
7,-16.52,21.71,1.08,129.0
8,-16.52,21.71,1.08,69.0
1,-18.11,19.76,0.78,66.0
2,-18.11,19.76,0.78,-1.0
3,-18.11,19.76,0.78,-1.0
4,-18.11,19.76,0.78,-1.0
5,-18.11,19.76,0.78,-1.0
6,-18.11,19.76,0.78,-1.0
7,-18.11,19.76,0.78,-1.0
8,-18.11,19.76,0.78,-1.0
1,-16.3,22.02,0.64,55.0
2,-16.3,22.02,0.64,-1.0
3,-16.3,22.02,0.64,188.0
4,-16.3,22.02,0.64,-1.0
5,-16.3,22.02,0.64,-1.0
6,-16.3,22.02,0.64,-1.0
7,-16.3,22.02,0.64,126.0
8,-16.3,22.02,0.64,63.0
1,-16.54,21.18,1.09,67.0
2,-16.54,21.18,1.09,-1.0
3,-16.54,21.18,1.09,183.0
4,-16.54,21.18,1.09,-1.0
5,-16.54,21.18,1.09,-1.0
6,-16.54,21.18,1.09,-1.0
7,-16.54,21.18,1.09,119.0
8,-16.54,21.18,1.09,-1.0
1,-17.08,21.37,1.1,63.0
2,-17.08,21.37,1.1,-1.0
3,-17.08,21.37,1.1,-1.0
4,-17.08,21.37,1.1,-1.0
5,-17.08,21.37,1.1,-1.0
6,-17.08,21.37,1.1,-1.0
7,-17.08,21.37,1.1,117.0
8,-17.08,21.37,1.1,65.0
1,-14.77,23.12,0.17,63.0
2,-14.77,23.12,0.17,-1.0
3,-14.77,23.12,0.17,183.0
4,-14.77,23.12,0.17,-1.0
5,-14.77,23.12,0.17,-1.0
6,-14.77,23.12,0.17,-1.0
7,-14.77,23.12,0.17,120.0
8,-14.77,23.12,0.17,68.0
1,-9.95,28.29,-0.08,-1.0
2,-9.95,28.29,-0.08,-1.0
3,-9.95,28.29,-0.08,-1.0
4,-9.95,28.29,-0.08,-1.0
5,-9.95,28.29,-0.08,-1.0
6,-9.95,28.29,-0.08,-1.0
7,-9.95,28.29,-0.08,-1.0
8,-9.95,28.29,-0.08,-1.0
1,-13.68,20.41,1.44,67.0
2,-13.68,20.41,1.44,-1.0
3,-13.68,20.41,1.44,171.0
4,-13.68,20.41,1.44,-1.0
5,-13.68,20.41,1.44,-1.0
6,-13.68,20.41,1.44,-1.0
7,-13.68,20.41,1.44,113.0
8,-13.68,20.41,1.44,68.0
1,-14.05,21.54,0.92,68.0
2,-14.05,21.54,0.92,-1.0
3,-14.05,21.54,0.92,-1.0
4,-14.05,21.54,0.92,-1.0
5,-14.05,21.54,0.92,-1.0
6,-14.05,21.54,0.92,-1.0
7,-14.05,21.54,0.92,114.0
8,-14.05,21.54,0.92,65.0
1,-13.08,20.62,1.8,64.0
2,-13.08,20.62,1.8,-1.0
3,-13.08,20.62,1.8,-1.0
4,-13.08,20.62,1.8,-1.0
5,-13.08,20.62,1.8,-1.0
6,-13.08,20.62,1.8,-1.0
7,-13.08,20.62,1.8,115.0
8,-13.08,20.62,1.8,60.0
1,-14.6,19.71,0.89,-1.0
2,-14.6,19.71,0.89,-1.0
3,-14.6,19.71,0.89,-1.0
4,-14.6,19.71,0.89,-1.0
5,-14.6,19.71,0.89,-1.0
6,-14.6,19.71,0.89,-1.0
7,-14.6,19.71,0.89,-1.0
8,-14.6,19.71,0.89,-1.0
1,-10.65,22.67,0.22,61.0
2,-10.65,22.67,0.22,-1.0
3,-10.65,22.67,0.22,-1.0
4,-10.65,22.67,0.22,-1.0
5,-10.65,22.67,0.22,-1.0
6,-10.65,22.67,0.22,-1.0
7,-10.65,22.67,0.22,108.0
8,-10.65,22.67,0.22,58.0
1,-1,-1,-1,-1.0
2,-1,-1,-1,-1.0
3,-1,-1,-1,-1.0
4,-1,-1,-1,-1.0
5,-1,-1,-1,-1.0
6,-1,-1,-1,-1.0
7,-1,-1,-1,-1.0
8,-1,-1,-1,-1.0
1,-7.68,22.28,-1.14,57.0
2,-7.68,22.28,-1.14,-1.0
3,-7.68,22.28,-1.14,178.0
4,-7.68,22.28,-1.14,-1.0
5,-7.68,22.28,-1.14,-1.0
6,-7.68,22.28,-1.14,-1.0
7,-7.68,22.28,-1.14,116.0
8,-7.68,22.28,-1.14,-1.0
1,-5.75,19.57,-1.35,65.0
2,-5.75,19.57,-1.35,-1.0
3,-5.75,19.57,-1.35,175.0
4,-5.75,19.57,-1.35,-1.0
5,-5.75,19.57,-1.35,-1.0
6,-5.75,19.57,-1.35,-1.0
7,-5.75,19.57,-1.35,116.0
8,-5.75,19.57,-1.35,60.0
1,-6.79,20.62,-2.73,55.0
2,-6.79,20.62,-2.73,-1.0
3,-6.79,20.62,-2.73,170.0
4,-6.79,20.62,-2.73,-1.0
5,-6.79,20.62,-2.73,-1.0
6,-6.79,20.62,-2.73,-1.0
7,-6.79,20.62,-2.73,115.0
8,-6.79,20.62,-2.73,60.0
1,-5.81,20.66,-2.82,-1.0
2,-5.81,20.66,-2.82,-1.0
3,-5.81,20.66,-2.82,-1.0
4,-5.81,20.66,-2.82,-1.0
5,-5.81,20.66,-2.82,-1.0
6,-5.81,20.66,-2.82,-1.0
7,-5.81,20.66,-2.82,-1.0
8,-5.81,20.66,-2.82,-1.0
1,-6.0,18.17,-2.24,-1.0
2,-6.0,18.17,-2.24,-1.0
3,-6.0,18.17,-2.24,-1.0
4,-6.0,18.17,-2.24,-1.0
5,-6.0,18.17,-2.24,-1.0
6,-6.0,18.17,-2.24,-1.0
7,-6.0,18.17,-2.24,-1.0
8,-6.0,18.17,-2.24,-1.0
1,-6.05,19.63,-1.67,58.0
2,-6.05,19.63,-1.67,-1.0
3,-6.05,19.63,-1.67,-1.0
4,-6.05,19.63,-1.67,-1.0
5,-6.05,19.63,-1.67,-1.0
6,-6.05,19.63,-1.67,-1.0
7,-6.05,19.63,-1.67,-1.0
8,-6.05,19.63,-1.67,-1.0
1,-6.09,19.43,-2.08,55.0
2,-6.09,19.43,-2.08,-1.0
3,-6.09,19.43,-2.08,172.0
4,-6.09,19.43,-2.08,-1.0
5,-6.09,19.43,-2.08,-1.0
6,-6.09,19.43,-2.08,-1.0
7,-6.09,19.43,-2.08,116.0
8,-6.09,19.43,-2.08,58.0
1,-1.96,24.69,-2.38,50.0
2,-1.96,24.69,-2.38,-1.0
3,-1.96,24.69,-2.38,-1.0
4,-1.96,24.69,-2.38,-1.0
5,-1.96,24.69,-2.38,-1.0
6,-1.96,24.69,-2.38,-1.0
7,-1.96,24.69,-2.38,-1.0
8,-1.96,24.69,-2.38,-1.0
1,-4.06,21.79,-2.54,57.0
2,-4.06,21.79,-2.54,-1.0
3,-4.06,21.79,-2.54,161.0
4,-4.06,21.79,-2.54,-1.0
5,-4.06,21.79,-2.54,-1.0
6,-4.06,21.79,-2.54,-1.0
7,-4.06,21.79,-2.54,105.0
8,-4.06,21.79,-2.54,-1.0
1,-5.98,16.67,-1.73,-1.0
2,-5.98,16.67,-1.73,-1.0
3,-5.98,16.67,-1.73,-1.0
4,-5.98,16.67,-1.73,-1.0
5,-5.98,16.67,-1.73,-1.0
6,-5.98,16.67,-1.73,-1.0
7,-5.98,16.67,-1.73,-1.0
8,-5.98,16.67,-1.73,-1.0
1,-0.52,20.66,-3.03,52.0
2,-0.52,20.66,-3.03,-1.0
3,-0.52,20.66,-3.03,164.0
4,-0.52,20.66,-3.03,-1.0
5,-0.52,20.66,-3.03,-1.0
6,-0.52,20.66,-3.03,-1.0
7,-0.52,20.66,-3.03,107.0
8,-0.52,20.66,-3.03,-1.0
1,-0.02,21.23,-2.63,48.0
2,-0.02,21.23,-2.63,-1.0
3,-0.02,21.23,-2.63,157.0
4,-0.02,21.23,-2.63,-1.0
5,-0.02,21.23,-2.63,-1.0
6,-0.02,21.23,-2.63,-1.0
7,-0.02,21.23,-2.63,106.0
8,-0.02,21.23,-2.63,-1.0
1,0.92,20.78,-2.79,-1.0
2,0.92,20.78,-2.79,-1.0
3,0.92,20.78,-2.79,161.0
4,0.92,20.78,-2.79,-1.0
5,0.92,20.78,-2.79,-1.0
6,0.92,20.78,-2.79,-1.0
7,0.92,20.78,-2.79,104.0
8,0.92,20.78,-2.79,-1.0
1,-0.62,17.76,-1.03,-1.0
2,-0.62,17.76,-1.03,-1.0
3,-0.62,17.76,-1.03,-1.0
4,-0.62,17.76,-1.03,-1.0
5,-0.62,17.76,-1.03,-1.0
6,-0.62,17.76,-1.03,-1.0
7,-0.62,17.76,-1.03,100.0
8,-0.62,17.76,-1.03,-1.0
1,-0.51,19.67,-1.56,-1.0
2,-0.51,19.67,-1.56,170.0
3,-0.51,19.67,-1.56,-1.0
4,-0.51,19.67,-1.56,-1.0
5,-0.51,19.67,-1.56,-1.0
6,-0.51,19.67,-1.56,-1.0
7,-0.51,19.67,-1.56,-1.0
8,-0.51,19.67,-1.56,-1.0
1,-0.33,20.76,-2.09,-1.0
2,-0.33,20.76,-2.09,-1.0
3,-0.33,20.76,-2.09,-1.0
4,-0.33,20.76,-2.09,-1.0
5,-0.33,20.76,-2.09,-1.0
6,-0.33,20.76,-2.09,-1.0
7,-0.33,20.76,-2.09,-1.0
8,-0.33,20.76,-2.09,-1.0
1,-0.56,19.51,-1.54,-1.0
2,-0.56,19.51,-1.54,-1.0
3,-0.56,19.51,-1.54,-1.0
4,-0.56,19.51,-1.54,-1.0
5,-0.56,19.51,-1.54,-1.0
6,-0.56,19.51,-1.54,-1.0
7,-0.56,19.51,-1.54,-1.0
8,-0.56,19.51,-1.54,-1.0
1,-2.41,19.02,-1.72,-1.0
2,-2.41,19.02,-1.72,-1.0
3,-2.41,19.02,-1.72,-1.0
4,-2.41,19.02,-1.72,-1.0
5,-2.41,19.02,-1.72,-1.0
6,-2.41,19.02,-1.72,-1.0
7,-2.41,19.02,-1.72,-1.0
8,-2.41,19.02,-1.72,-1.0
1,-1.52,20.72,-1.29,-1.0
2,-1.52,20.72,-1.29,163.0
3,-1.52,20.72,-1.29,-1.0
4,-1.52,20.72,-1.29,-1.0
5,-1.52,20.72,-1.29,-1.0
6,-1.52,20.72,-1.29,-1.0
7,-1.52,20.72,-1.29,-1.0
8,-1.52,20.72,-1.29,-1.0
1,-2.62,19.34,-0.12,-1.0
2,-2.62,19.34,-0.12,166.0
3,-2.62,19.34,-0.12,147.0
4,-2.62,19.34,-0.12,-1.0
5,-2.62,19.34,-0.12,-1.0
6,-2.62,19.34,-0.12,-1.0
7,-2.62,19.34,-0.12,-1.0
8,-2.62,19.34,-0.12,-1.0
1,-3.98,20.89,-1.29,-1.0
2,-3.98,20.89,-1.29,168.0
3,-3.98,20.89,-1.29,148.0
4,-3.98,20.89,-1.29,-1.0
5,-3.98,20.89,-1.29,-1.0
6,-3.98,20.89,-1.29,-1.0
7,-3.98,20.89,-1.29,-1.0
8,-3.98,20.89,-1.29,-1.0
1,-3.14,20.18,-1.04,-1.0
2,-3.14,20.18,-1.04,167.0
3,-3.14,20.18,-1.04,151.0
4,-3.14,20.18,-1.04,194.0
5,-3.14,20.18,-1.04,-1.0
6,-3.14,20.18,-1.04,-1.0
7,-3.14,20.18,-1.04,-1.0
8,-3.14,20.18,-1.04,-1.0
1,-2.09,19.06,-1.22,-1.0
2,-2.09,19.06,-1.22,169.0
3,-2.09,19.06,-1.22,-1.0
4,-2.09,19.06,-1.22,-1.0
5,-2.09,19.06,-1.22,-1.0
6,-2.09,19.06,-1.22,-1.0
7,-2.09,19.06,-1.22,-1.0
8,-2.09,19.06,-1.22,-1.0
1,-2.21,19.85,-1.18,-1.0
2,-2.21,19.85,-1.18,168.0
3,-2.21,19.85,-1.18,152.0
4,-2.21,19.85,-1.18,191.0
5,-2.21,19.85,-1.18,200.0
6,-2.21,19.85,-1.18,-1.0
7,-2.21,19.85,-1.18,90.0
8,-2.21,19.85,-1.18,-1.0
1,0.22,22.94,-1.59,-1.0
2,0.22,22.94,-1.59,168.0
3,0.22,22.94,-1.59,154.0
4,0.22,22.94,-1.59,-1.0
5,0.22,22.94,-1.59,-1.0
6,0.22,22.94,-1.59,-1.0
7,0.22,22.94,-1.59,87.0
8,0.22,22.94,-1.59,-1.0
1,-0.83,20.49,-0.9,-1.0
2,-0.83,20.49,-0.9,165.0
3,-0.83,20.49,-0.9,152.0
4,-0.83,20.49,-0.9,-1.0
5,-0.83,20.49,-0.9,-1.0
6,-0.83,20.49,-0.9,-1.0
7,-0.83,20.49,-0.9,-1.0
8,-0.83,20.49,-0.9,-1.0
1,-0.38,22.19,-0.5,-1.0
2,-0.38,22.19,-0.5,168.0
3,-0.38,22.19,-0.5,149.0
4,-0.38,22.19,-0.5,-1.0
5,-0.38,22.19,-0.5,202.0
6,-0.38,22.19,-0.5,-1.0
7,-0.38,22.19,-0.5,-1.0
8,-0.38,22.19,-0.5,-1.0
1,-0.76,23.2,-1.9,-1.0
2,-0.76,23.2,-1.9,170.0
3,-0.76,23.2,-1.9,-1.0
4,-0.76,23.2,-1.9,-1.0
5,-0.76,23.2,-1.9,-1.0
6,-0.76,23.2,-1.9,-1.0
7,-0.76,23.2,-1.9,-1.0
8,-0.76,23.2,-1.9,-1.0
1,0.14,23.03,-1.08,42.0
2,0.14,23.03,-1.08,168.0
3,0.14,23.03,-1.08,155.0
4,0.14,23.03,-1.08,-1.0
5,0.14,23.03,-1.08,-1.0
6,0.14,23.03,-1.08,-1.0
7,0.14,23.03,-1.08,100.0
8,0.14,23.03,-1.08,-1.0
